1,Wanda,Killen,wkillen0@pagesperso-orange.fr,1124,Female,3531 Orin Crossing
2,Cort,Thorald,cthorald1@phoca.cz,1356,Male,21423 Victoria Court
3,Diahann,Chessell,dchessell2@usa.gov,1114,Female,9960 Atwood Court
4,Annabal,Dohmann,adohmann3@omniture.com,1177,Male,7 Summerview Junction
5,Esdras,Mabey,emabey4@ebay.co.uk,1729,Female,8 Delladonna Place
6,Martainn,Smith,msmith5@wikispaces.com,1952,Female,7208 Meadow Vale Crossing
7,Darya,Dalziell,ddalziell6@state.tx.us,1726,Female,819 Center Alley
8,Merrily,Novichenko,mnovichenko7@devhub.com,1690,Male,98 Lindbergh Circle
9,Gloriana,Forsdyke,gforsdyke8@state.tx.us,1896,Male,8006 Eagan Parkway
10,Serene,Djurevic,sdjurevic9@github.io,1377,Female,5091 Daystar Park
11,Kalindi,Maccraw,kmaccrawa@webmd.com,1763,Male,649 Oriole Pass
12,Devin,Tollow,dtollowb@histats.com,1266,Female,4 Vera Pass
13,Lisbeth,Dragonette,ldragonettec@youtu.be,1157,Male,4781 Ridgeway Drive
14,Josy,Coviello,jcoviellod@ebay.co.uk,1417,Female,48 Dapin Point
15,Tara,Betteney,tbetteneye@time.com,1697,Female,2685 Gina Place
16,Chrissie,Denton,cdentonf@princeton.edu,1424,Male,3 North Pass
17,Batsheva,Bachelar,bbachelarg@usgs.gov,1258,Female,1 Lyons Place
18,Betty,Lampl,blamplh@weebly.com,1537,Agender,293 Kinsman Center
19,Salem,Lennox,slennoxi@cdbaby.com,1076,Female,7 Jenifer Plaza
20,Trent,Radoux,tradouxj@hhs.gov,1621,Male,7441 Columbus Circle
21,Cairistiona,Sawtell,csawtellk@weather.com,1588,Female,0889 Ryan Street
22,Ynes,Marrian,ymarrianl@tmall.com,1850,Female,4 Crowley Pass
23,Jerrilyn,Draxford,jdraxfordm@mysql.com,1092,Male,6378 Claremont Hill
24,Yul,Leverette,yleveretten@mediafire.com,1955,Female,23 Spaight Court
25,Fernanda,Banfield,fbanfieldo@oracle.com,1103,Male,7 Maple Plaza
26,Jacklyn,Tamsett,jtamsettp@angelfire.com,1118,Female,95 Russell Alley
27,Orbadiah,Lenthall,olenthallq@1688.com,1723,Female,6611 Raven Street
28,Hastie,Poulson,hpoulsonr@disqus.com,1989,Male,25 Sundown Trail
29,Ruben,Jewel,rjewels@dmoz.org,1782,Male,73 Eagle Crest Lane
30,Preston,Beinisch,pbeinischt@163.com,1526,Male,8 Dennis Pass
31,Durward,Frisby,dfrisbyu@pbs.org,1843,Female,2 Everett Circle
32,Orrin,Casswell,ocasswellv@tripod.com,1659,Female,644 Westport Trail
33,Alvira,Maunton,amauntonw@themeforest.net,1991,Female,50303 Meadow Valley Pass
34,Janice,Gourlie,jgourliex@bigcartel.com,1577,Bigender,7 Prairieview Lane
35,Querida,Peschmann,qpeschmanny@alibaba.com,1331,Male,1 Steensland Lane
36,Weider,Mumbeson,wmumbesonz@linkedin.com,1226,Male,53974 Arkansas Hill
37,Wheeler,Derrick,wderrick10@guardian.co.uk,1032,Female,97136 Cody Pass
38,Sher,Spratt,sspratt11@aol.com,1528,Male,57031 Ridge Oak Avenue
39,Ashely,Hallatt,ahallatt12@4shared.com,1553,Bigender,42428 Quincy Way
40,Daron,Aubray,daubray13@ebay.co.uk,1938,Female,9 Division Avenue
41,Adelind,Wratten,awratten14@mac.com,1248,Female,7555 Charing Cross Lane
42,Etta,Wolfers,ewolfers15@rambler.ru,1392,Female,02 Troy Trail
43,Celie,Mitchel,cmitchel16@taobao.com,1660,Female,409 Mesta Terrace
44,Marika,MacGrath,mmacgrath17@yelp.com,1320,Female,94 Holy Cross Point
45,Hubie,Frid,hfrid18@digg.com,1665,Non-binary,3560 Meadow Ridge Park
46,Kimberlee,Phette,kphette19@4shared.com,1199,Female,8406 Bay Center
47,Osborn,Nursey,onursey1a@apache.org,1031,Female,51 Eastwood Parkway
48,Casie,Vallender,cvallender1b@google.ca,1255,Genderfluid,3016 Golf Street
49,Lucais,Donisthorpe,ldonisthorpe1c@ucla.edu,1472,Male,16069 Declaration Junction
50,Adelind,Wloch,awloch1d@businessweek.com,1837,Female,2244 Bultman Junction
51,Nerissa,Walles,nwalles1e@eepurl.com,1982,Female,72 Anhalt Lane
52,Zoe,Janus,zjanus1f@noaa.gov,1491,Female,825 Truax Avenue
53,Floris,Abbay,fabbay1g@linkedin.com,1976,Male,4 Mitchell Parkway
54,Odella,Rann,orann1h@meetup.com,1172,Female,6 Continental Parkway
55,Titos,Gettone,tgettone1i@amazonaws.com,1558,Female,64 Little Fleur Crossing
56,Cornelle,Lydster,clydster1j@sohu.com,1484,Female,57 Springs Terrace
57,Madelina,Eastope,meastope1k@sun.com,1836,Male,7736 Manley Hill
58,Janina,Levesley,jlevesley1l@amazon.com,1140,Female,81180 Carioca Circle
59,Piotr,Brunone,pbrunone1m@va.gov,1584,Male,4067 Summer Ridge Center
60,Kinna,Durrell,kdurrell1n@yale.edu,1517,Bigender,721 Linden Plaza
61,Gerianna,Attwoull,gattwoull1o@prnewswire.com,1769,Male,6904 1st Way
62,Gannon,Blabey,gblabey1p@state.gov,1793,Male,2778 Hallows Circle
63,Bevan,Harry,bharry1q@irs.gov,1915,Female,642 Buena Vista Drive
64,Lovell,Ramsden,lramsden1r@freewebs.com,1309,Female,671 Westerfield Circle
65,Astrix,Di Gregorio,adigregorio1s@oakley.com,1300,Male,0232 Eggendart Center
66,Ema,Briztman,ebriztman1t@yahoo.com,1624,Non-binary,97 3rd Plaza
67,Kori,Cattel,kcattel1u@rakuten.co.jp,1136,Agender,0505 Merrick Street
68,Tabbie,Zimmerman,tzimmerman1v@opensource.org,1405,Female,8 Welch Road
69,Tami,Martelet,tmartelet1w@blogger.com,1085,Female,506 Fuller Point
70,Melisse,Sallier,msallier1x@myspace.com,1928,Female,797 Northview Way
71,Neill,Volkes,nvolkes1y@nydailynews.com,1219,Male,00829 David Junction
72,Alvira,Pfeuffer,apfeuffer1z@foxnews.com,1702,Male,9 School Center
73,Delphinia,Miere,dmiere20@spotify.com,1249,Female,3 West Trail
74,Dania,Knivett,dknivett21@ihg.com,1419,Genderqueer,33 Larry Avenue
75,Eleonore,Dowers,edowers22@woothemes.com,1016,Male,66396 Kinsman Alley
76,Demetri,Martinho,dmartinho23@sitemeter.com,1302,Female,54794 Gina Court
77,Phip,Possa,ppossa24@senate.gov,1591,Male,6 Hollow Ridge Trail
78,L;urette,Dunniom,ldunniom25@state.tx.us,1538,Female,45917 Pearson Park
79,Ibby,Yanele,iyanele26@samsung.com,1644,Male,81969 Straubel Point
80,Aime,Bake,abake27@is.gd,1697,Male,1 Oakridge Hill
81,Edwina,Shefton,eshefton28@economist.com,1429,Genderfluid,27852 Anniversary Pass
82,Rowen,Skitch,rskitch29@imgur.com,1906,Female,28 Farragut Avenue
83,Dario,Guiett,dguiett2a@phpbb.com,1534,Female,1 Melrose Circle
84,Laverne,Gerhts,lgerhts2b@hexun.com,1793,Male,271 Milwaukee Court
85,Isabella,Jude,ijude2c@altervista.org,1067,Male,8221 Haas Hill
86,Freida,Dalgardno,fdalgardno2d@deliciousdays.com,1687,Male,967 1st Road
87,Dawna,Brixey,dbrixey2e@salon.com,1133,Male,29068 Shoshone Place
88,Brett,Ansill,bansill2f@stumbleupon.com,1003,Male,466 Judy Road
89,Amalle,Double,adouble2g@dell.com,1689,Female,7 Leroy Alley
90,Elise,Tapner,etapner2h@wikia.com,1877,Female,7022 Pond Way
91,Maxim,Ranfield,mranfield2i@360.cn,1240,Agender,660 Glendale Hill
92,Hobart,Ramme,hramme2j@github.com,1335,Genderqueer,8589 Oxford Parkway
93,Adoree,Cristofori,acristofori2k@canalblog.com,1104,Male,03631 Village Terrace
94,Wald,Arkwright,warkwright2l@vk.com,1422,Female,897 Holy Cross Plaza
95,Olvan,Mably,omably2m@adobe.com,1052,Polygender,83994 Novick Drive
96,Sasha,Staines,sstaines2n@imageshack.us,1648,Agender,34 1st Plaza
97,Ignacio,Giovannilli,igiovannilli2o@newsvine.com,1697,Female,90231 Iowa Lane
98,Cissiee,Trevon,ctrevon2p@cloudflare.com,1586,Female,117 Bunting Lane
99,Cherilynn,Bardey,cbardey2q@ameblo.jp,1052,Female,2 Butterfield Street
100,Virginie,Rattray,vrattray2r@hibu.com,1269,Male,076 Oneill Way
101,Caesar,Chillingworth,cchillingworth2s@ca.gov,1402,Female,888 Towne Junction
102,Aila,Kirckman,akirckman2t@simplemachines.org,1470,Female,39 Elka Hill
103,Min,Arnley,marnley2u@blogspot.com,1244,Genderfluid,5643 Granby Circle
104,Ursola,MacAvaddy,umacavaddy2v@phpbb.com,1879,Male,54 Ilene Plaza
105,Deni,Maylor,dmaylor2w@yale.edu,1353,Non-binary,97 Nevada Junction
106,Torrance,Jessett,tjessett2x@arizona.edu,1454,Male,952 Veith Park
107,Dorie,Raven,draven2y@narod.ru,1713,Female,8 Dwight Plaza
108,Ransom,Bome,rbome2z@ucoz.com,1907,Genderfluid,281 Spaight Street
109,Amabelle,Thickin,athickin30@hhs.gov,1724,Female,67784 Melby Avenue
110,Rodolph,O'Hederscoll,rohederscoll31@freewebs.com,1975,Male,26 Merchant Avenue
111,Archie,Parnby,aparnby32@digg.com,1575,Female,34 Larry Alley
112,Jemie,Iacobacci,jiacobacci33@hhs.gov,1611,Female,83968 Chive Place
113,Melisse,Peevor,mpeevor34@vkontakte.ru,1250,Female,60096 Straubel Crossing
114,Mahmud,Hadwick,mhadwick35@businesswire.com,1839,Male,28 Montana Center
115,Sonja,Woffinden,swoffinden36@discuz.net,1967,Male,33 Dryden Alley
116,Dinny,Razzell,drazzell37@marketwatch.com,1175,Male,57235 Cordelia Court
117,Dorolice,Olczak,dolczak38@vistaprint.com,1966,Genderfluid,25 Lerdahl Street
118,Eirena,Syrie,esyrie39@ebay.co.uk,1952,Female,71 Summerview Crossing
119,Ganny,Inker,ginker3a@twitter.com,1727,Female,9810 Sutherland Parkway
120,Bride,Ingreda,bingreda3b@java.com,1072,Male,200 Delladonna Trail
121,Daniela,Piscot,dpiscot3c@blogspot.com,1207,Male,2237 Monterey Circle
122,Nils,Loughran,nloughran3d@macromedia.com,1829,Agender,1 Evergreen Way
123,Dani,Fricke,dfricke3e@auda.org.au,1896,Male,1 Forest Crossing
124,Kelvin,Sparham,ksparham3f@github.io,1068,Female,4 American Ash Pass
125,Shelia,Faltskog,sfaltskog3g@wordpress.org,1251,Agender,51406 Burrows Circle
126,Deloris,Pavlenkov,dpavlenkov3h@google.com,1224,Male,0331 Center Center
127,Mair,Hawick,mhawick3i@liveinternet.ru,1044,Male,34 David Crossing
128,Anny,Benger,abenger3j@liveinternet.ru,1074,Male,347 Barby Way
129,Natalina,Radbourn,nradbourn3k@about.me,1645,Male,027 Arkansas Center
130,Jenilee,Hightown,jhightown3l@nasa.gov,1638,Male,68 Del Sol Road
131,Elinor,Bollin,ebollin3m@yandex.ru,1522,Female,064 Fremont Street
132,Genna,Sambles,gsambles3n@vkontakte.ru,1491,Male,96 Stoughton Point
133,Kipp,Buyers,kbuyers3o@businesswire.com,1538,Female,8 Fordem Alley
134,Maybelle,Eddy,meddy3p@newyorker.com,1799,Female,643 Jenifer Avenue
135,Davin,Easdon,deasdon3q@blogtalkradio.com,1627,Male,4277 Crownhardt Place
136,Taddeusz,Reeders,treeders3r@reddit.com,1473,Male,26416 Lien Terrace
137,Otis,Fendlow,ofendlow3s@moonfruit.com,1770,Polygender,2 Kennedy Place
138,Marianne,Le feuvre,mlefeuvre3t@google.pl,1333,Male,9793 Cascade Junction
139,Gerik,Basil,gbasil3u@statcounter.com,1774,Female,43 Chinook Avenue
140,Shaun,Prevost,sprevost3v@jalbum.net,1790,Bigender,84 Boyd Court
141,Barnabas,Paraman,bparaman3w@sitemeter.com,1391,Female,8 Golf Hill
142,Xever,Cristou,xcristou3x@canalblog.com,1822,Male,207 Kennedy Plaza
143,Norry,Colbourne,ncolbourne3y@pinterest.com,1397,Male,595 Rutledge Place
144,Marlyn,Streather,mstreather3z@amazon.co.uk,1093,Female,5 Loomis Pass
145,Kalila,Tinto,ktinto40@answers.com,1320,Male,7 Emmet Lane
146,Harlen,Greenalf,hgreenalf41@zdnet.com,1515,Male,9 Glendale Road
147,Owen,Pawelek,opawelek42@infoseek.co.jp,1662,Female,266 Helena Drive
148,Babbette,Deek,bdeek43@japanpost.jp,1424,Genderqueer,8 Warbler Drive
149,Bibi,Raye,braye44@chronoengine.com,1842,Agender,92908 Pearson Center
150,Anna-diana,Bertie,abertie45@topsy.com,1443,Female,4 Truax Park
151,Anson,Brewis,abrewis46@usatoday.com,1298,Female,4953 Mifflin Parkway
152,Kellen,Caldeiro,kcaldeiro47@yale.edu,1229,Female,3953 Badeau Alley
153,Rozele,Murney,rmurney48@ft.com,1513,Male,08 Ridge Oak Parkway
154,Melinde,Handes,mhandes49@ycombinator.com,1341,Female,773 Magdeline Park
155,Adolph,Staddart,astaddart4a@goodreads.com,1576,Male,828 Redwing Lane
156,Datha,Abberley,dabberley4b@google.pl,1005,Female,874 Darwin Road
157,Hilde,Gerardeaux,hgerardeaux4c@slate.com,1076,Female,03 Riverside Parkway
158,Selby,Gatrill,sgatrill4d@columbia.edu,1442,Male,426 Katie Drive
159,Demetrius,Creigan,dcreigan4e@gizmodo.com,1934,Female,24 Lillian Hill
160,Charmian,Shinefield,cshinefield4f@samsung.com,1086,Female,70072 Algoma Trail
161,Fabio,Adriaens,fadriaens4g@hibu.com,1513,Male,87 Charing Cross Hill
162,Dun,Southway,dsouthway4h@blogspot.com,1697,Male,5 Hintze Drive
163,Renate,While,rwhile4i@wikia.com,1541,Female,6696 Nevada Place
164,Addia,Tregidgo,atregidgo4j@de.vu,1185,Male,80543 Linden Circle
165,Dasya,Myner,dmyner4k@tmall.com,1864,Male,4628 Larry Point
166,Trixie,Sharpling,tsharpling4l@liveinternet.ru,1722,Female,2151 Golf Course Avenue
167,Tris,Kivlehan,tkivlehan4m@virginia.edu,1533,Female,9429 Derek Point
168,Iver,Todhunter,itodhunter4n@a8.net,1500,Male,24505 Corben Crossing
169,Kinna,Strowan,kstrowan4o@washingtonpost.com,1684,Male,937 Spenser Parkway
170,Faulkner,Glazebrook,fglazebrook4p@imgur.com,1082,Male,0 Dryden Place
171,Ches,Nicholas,cnicholas4q@cnbc.com,1420,Female,2 Hoard Pass
172,Lidia,Creber,lcreber4r@auda.org.au,1977,Male,5668 Northwestern Way
173,Odessa,Samudio,osamudio4s@fda.gov,1409,Female,78 Novick Plaza
174,Pate,Frend,pfrend4t@mediafire.com,1181,Agender,81833 Holy Cross Center
175,Jermaine,Folks,jfolks4u@ebay.co.uk,1573,Agender,44 Barby Drive
176,Fanya,Porteous,fporteous4v@storify.com,1897,Male,67159 Hauk Junction
177,Vincents,Linebarger,vlinebarger4w@ebay.com,1024,Female,2162 Carberry Court
178,Meryl,Wagner,mwagner4x@prlog.org,1892,Female,73175 Grayhawk Alley
179,Sig,Stonestreet,sstonestreet4y@mozilla.com,1724,Female,687 Anhalt Hill
180,Ariadne,Kassel,akassel4z@cbc.ca,1805,Female,44 Pepper Wood Court
181,Wiley,Biscomb,wbiscomb50@opensource.org,1039,Female,02177 Carberry Trail
182,Terrye,Vicar,tvicar51@deviantart.com,1491,Male,5 3rd Junction
183,Augusto,Philpots,aphilpots52@engadget.com,1851,Polygender,9 8th Pass
184,Gnni,Gorthy,ggorthy53@latimes.com,1569,Female,2230 Continental Trail
185,Avie,Musla,amusla54@123-reg.co.uk,1957,Female,52346 Russell Road
186,Tandy,Jacobowicz,tjacobowicz55@auda.org.au,1672,Polygender,9794 Redwing Junction
187,Quincy,Mantha,qmantha56@wp.com,1693,Male,50745 Weeping Birch Avenue
188,Collin,Brekonridge,cbrekonridge57@wisc.edu,1104,Female,620 Burning Wood Point
189,Omar,Killshaw,okillshaw58@edublogs.org,1681,Female,22111 Mayfield Terrace
190,Tamra,Labrow,tlabrow59@ca.gov,1953,Male,5 Gina Junction
191,Humfried,Talby,htalby5a@boston.com,1422,Male,3680 Cordelia Circle
192,Janka,Hailwood,jhailwood5b@seesaa.net,1192,Male,05 Brickson Park Lane
193,Paulette,Dregan,pdregan5c@wordpress.org,1841,Female,2310 Maple Plaza
194,Jaye,Isard,jisard5d@prlog.org,1194,Female,62164 Larry Trail
195,Justino,Moody,jmoody5e@squidoo.com,1274,Genderfluid,835 Straubel Road
196,Benetta,Dessent,bdessent5f@wiley.com,1641,Male,4427 Elgar Street
197,Cecilio,Luke,cluke5g@imdb.com,1078,Female,52431 Prairieview Circle
198,Norris,Dorken,ndorken5h@dot.gov,1421,Female,5635 Green Ridge Crossing
199,Pedro,Gipp,pgipp5i@alexa.com,1441,Male,797 Farragut Road
200,Benjie,Gudge,bgudge5j@abc.net.au,1402,Male,3098 Mendota Parkway
201,Inglebert,Wringe,iwringe5k@wordpress.org,1431,Female,7 Talisman Trail
202,Benn,Wraight,bwraight5l@trellian.com,1176,Female,109 Northland Lane
203,Millicent,Argo,margo5m@seesaa.net,1060,Female,5104 Pierstorff Center
204,Nanon,Koeppke,nkoeppke5n@feedburner.com,1110,Male,3 Kings Place
205,Humfrid,Horley,hhorley5o@quantcast.com,1199,Genderqueer,159 Ohio Plaza
206,Ferne,McMackin,fmcmackin5p@opensource.org,1906,Male,6176 Reinke Park
207,Zerk,Dilston,zdilston5q@opensource.org,1624,Female,75165 Atwood Alley
208,Dane,ducarme,dducarme5r@berkeley.edu,1930,Polygender,22 3rd Park
209,Trever,Deaton,tdeaton5s@newyorker.com,1945,Female,430 Gerald Terrace
210,Rollie,Folliss,rfolliss5t@flavors.me,1249,Female,52286 Randy Hill
211,Jonas,Langstone,jlangstone5u@thetimes.co.uk,1644,Non-binary,4 Hansons Road
212,Keriann,Charopen,kcharopen5v@shutterfly.com,1630,Male,6461 Eggendart Terrace
213,Miller,McAlroy,mmcalroy5w@cnbc.com,1166,Male,2260 Sherman Point
214,Kellen,Frenzel;,kfrenzel5x@umn.edu,1555,Male,502 Declaration Junction
215,Augustin,Genge,agenge5y@prnewswire.com,1704,Genderfluid,0329 Truax Parkway
216,Law,Delucia,ldelucia5z@washington.edu,1085,Female,26 Glacier Hill Park
217,Miner,Rochford,mrochford60@home.pl,1781,Female,529 Blaine Terrace
218,Drucill,Ewbanck,dewbanck61@google.co.jp,1800,Genderqueer,7583 Northfield Junction
219,Zorine,Haking,zhaking62@devhub.com,1189,Male,060 Manley Alley
220,Berny,Breen,bbreen63@comcast.net,1007,Male,6 Summit Parkway
221,Dorie,Channon,dchannon64@amazon.co.jp,1465,Female,8 Westend Park
222,Bertie,Farnhill,bfarnhill65@studiopress.com,1519,Female,68533 Browning Lane
223,Mose,Gethen,mgethen66@geocities.jp,1138,Genderqueer,25 Aberg Street
224,Rolf,Glamart,rglamart67@google.co.jp,1909,Male,4949 Express Point
225,Washington,Portch,wportch68@howstuffworks.com,1180,Bigender,54 Ohio Crossing
226,Stephanus,Schach,sschach69@elpais.com,1034,Male,71 Cordelia Place
227,Felita,Phlippi,fphlippi6a@github.com,1768,Female,939 Transport Hill
228,Charlena,Djekovic,cdjekovic6b@symantec.com,1736,Female,003 Drewry Point
229,Tove,Spurier,tspurier6c@sphinn.com,1582,Female,816 Comanche Hill
230,Gilda,McCrorie,gmccrorie6d@is.gd,1396,Male,360 Farragut Terrace
231,Gael,Mellonby,gmellonby6e@theatlantic.com,1542,Male,92 Arizona Hill
232,Horst,Dovinson,hdovinson6f@feedburner.com,1966,Male,94169 Golden Leaf Junction
233,Gabie,Brendish,gbrendish6g@tripadvisor.com,1410,Male,9 Iowa Court
234,Cassius,Gwilym,cgwilym6h@hostgator.com,1333,Male,7 Westend Point
235,Danni,Cranefield,dcranefield6i@newyorker.com,1741,Male,639 Mcguire Street
236,Torey,Sword,tsword6j@last.fm,1100,Female,543 Lien Pass
237,Dyanne,Barrack,dbarrack6k@cdbaby.com,1385,Male,9152 Village Green Park
238,Van,Gipps,vgipps6l@mashable.com,1549,Female,8 Florence Hill
239,Mel,Leppo,mleppo6m@stanford.edu,1305,Genderfluid,9372 Dunning Drive
240,Osbourn,Cabedo,ocabedo6n@cbc.ca,1937,Male,40228 Bobwhite Point
241,Florry,Paolacci,fpaolacci6o@sogou.com,1570,Female,0 Packers Point
242,Osmund,Hazeldine,ohazeldine6p@com.com,1263,Female,1 Fuller Place
243,Shaylah,Trenfield,strenfield6q@addthis.com,1313,Male,99 Canary Place
244,Terese,Clutton,tclutton6r@wufoo.com,1480,Male,68 Express Terrace
245,Michele,Wayman,mwayman6s@goo.ne.jp,1339,Female,5 Ramsey Pass
246,Dorena,Cupper,dcupper6t@domainmarket.com,1772,Male,88189 Sommers Point
247,Jillie,Tooth,jtooth6u@webs.com,1668,Male,784 Lindbergh Way
248,Margery,Kobpa,mkobpa6v@jimdo.com,1326,Male,908 Brown Lane
249,Caryl,Rockcliff,crockcliff6w@narod.ru,1003,Female,2 Shasta Circle
250,Nalani,Shafier,nshafier6x@phoca.cz,1696,Male,95293 Di Loreto Plaza
251,Ronny,Brewster,rbrewster6y@statcounter.com,1790,Agender,1 Mesta Hill
252,Onfroi,Ingarfield,oingarfield6z@msn.com,1801,Female,765 Loeprich Way
253,Ammamaria,Tempest,atempest70@skyrock.com,1846,Male,5682 Mayfield Place
254,Salome,Duffett,sduffett71@paypal.com,1919,Female,41588 Sommers Point
255,Allsun,Cleaver,acleaver72@macromedia.com,1443,Female,3324 Oneill Road
256,Gregoor,Hourigan,ghourigan73@pinterest.com,1704,Male,78511 Rowland Road
257,Garfield,Coppo,gcoppo74@e-recht24.de,1877,Male,9 Bobwhite Court
258,Denney,Jest,djest75@nhs.uk,1059,Female,56 Hooker Avenue
259,Sophronia,Hillin,shillin76@fda.gov,1473,Male,7337 Northwestern Hill
260,Shamus,Kenrack,skenrack77@usa.gov,1946,Female,8576 Oakridge Circle
261,Rosalind,Bason,rbason78@nydailynews.com,1901,Female,2745 Dryden Drive
262,Zea,Smoughton,zsmoughton79@flickr.com,1680,Male,32605 Schmedeman Point
263,Xenos,Paine,xpaine7a@rakuten.co.jp,1008,Male,5 Thompson Terrace
264,Bron,Bisatt,bbisatt7b@answers.com,1846,Female,0962 Butternut Park
265,Rodolfo,Haggata,rhaggata7c@booking.com,1664,Female,4 Donald Road
266,Renaud,Robshaw,rrobshaw7d@php.net,1838,Female,94423 Veith Pass
267,Thaine,Janas,tjanas7e@livejournal.com,1182,Male,06454 Caliangt Road
268,Marcelline,Mincher,mmincher7f@friendfeed.com,1685,Male,4296 Jackson Place
269,Geoffrey,Serchwell,gserchwell7g@xrea.com,1366,Male,05 Fairfield Plaza
270,Giuditta,Methringham,gmethringham7h@microsoft.com,1204,Genderfluid,31959 Cottonwood Junction
271,Raynell,Orneles,rorneles7i@desdev.cn,1009,Female,3800 Raven Lane
272,Odell,Edser,oedser7j@boston.com,1728,Male,321 Autumn Leaf Lane
273,Valry,Ikringill,vikringill7k@about.me,1976,Female,299 Bultman Drive
274,Clevie,Travis,ctravis7l@nhs.uk,1747,Female,64 Sunnyside Place
275,Jereme,Spacie,jspacie7m@imageshack.us,1927,Female,70230 Hansons Circle
276,Papageno,Mantione,pmantione7n@baidu.com,1511,Male,54 Vera Circle
277,Holly,Baggott,hbaggott7o@delicious.com,1549,Female,7 Becker Court
278,Margalo,Lages,mlages7p@unblog.fr,1668,Female,9438 Fallview Trail
279,Jacqui,Knowlman,jknowlman7q@51.la,1061,Male,81736 Anniversary Circle
280,Batholomew,Cullip,bcullip7r@clickbank.net,1808,Bigender,2866 Veith Street
281,Debi,Almak,dalmak7s@nymag.com,1081,Male,2 Pond Trail
282,Garey,Croome,gcroome7t@de.vu,1364,Male,235 Heath Drive
283,Merill,McGaw,mmcgaw7u@mozilla.com,1484,Male,0437 Dwight Plaza
284,Gus,Starte,gstarte7v@oaic.gov.au,1883,Female,98 Cordelia Circle
285,Maggi,Pirie,mpirie7w@slate.com,1057,Male,3912 Weeping Birch Park
286,Maureene,Kenningham,mkenningham7x@npr.org,1752,Female,11 Macpherson Way
287,Buiron,Denerley,bdenerley7y@theguardian.com,1749,Female,14308 Clarendon Court
288,Dayle,McLeod,dmcleod7z@icio.us,1026,Female,6337 Rutledge Road
289,Dillie,Garratt,dgarratt80@1688.com,1644,Female,5059 Roxbury Point
290,Tarah,Iredell,tiredell81@comcast.net,1422,Male,85 Corscot Alley
291,Jonis,Forsyde,jforsyde82@bbc.co.uk,1710,Male,18 Twin Pines Lane
292,Reese,Breward,rbreward83@baidu.com,1187,Female,6271 Dryden Terrace
293,Cherye,Basset,cbasset84@mapquest.com,1306,Male,745 Sachs Center
294,Ky,Rooney,krooney85@salon.com,1343,Male,22469 Carioca Junction
295,Waldo,Lobell,wlobell86@free.fr,1371,Male,070 Green Ridge Pass
296,Darline,Bech,dbech87@independent.co.uk,1228,Genderqueer,44510 Orin Terrace
297,Jim,Ahrens,jahrens88@about.com,1280,Male,517 Melody Road
298,Aristotle,Jacobs,ajacobs89@dropbox.com,1431,Non-binary,5 Bartillon Crossing
299,Matt,Catenot,mcatenot8a@theatlantic.com,1049,Male,410 Northridge Junction
300,Cherice,Finby,cfinby8b@arizona.edu,1973,Female,30617 Petterle Junction
301,Kirk,Braney,kbraney8c@weather.com,1660,Male,985 Texas Plaza
302,Abe,Gannicott,agannicott8d@networkadvertising.org,1862,Male,12 Donald Parkway
303,Daron,Daltrey,ddaltrey8e@cnbc.com,1139,Female,8 Farwell Park
304,Roxanna,Jeanet,rjeanet8f@mapy.cz,1962,Female,476 Cottonwood Lane
305,Arly,Matejovsky,amatejovsky8g@gnu.org,1978,Female,8969 Mccormick Terrace
306,Leesa,Steuart,lsteuart8h@moonfruit.com,1536,Female,1619 Beilfuss Terrace
307,Arlyn,Wood,awood8i@flickr.com,1199,Agender,96974 Barnett Terrace
308,Tiffani,Isac,tisac8j@paginegialle.it,1500,Female,737 Erie Way
309,Cammy,Borsnall,cborsnall8k@liveinternet.ru,1383,Female,8705 Clemons Park
310,Lurlene,Brownbill,lbrownbill8l@washingtonpost.com,1754,Male,6 Village Trail
311,Norbie,Perrat,nperrat8m@oakley.com,1105,Female,7530 Morning Way
312,Barrett,Sabine,bsabine8n@themeforest.net,1921,Female,2 Summerview Hill
313,Skye,Mandrake,smandrake8o@tinyurl.com,1693,Female,098 Fairview Parkway
314,Mahala,Sevitt,msevitt8p@comcast.net,1019,Non-binary,40538 Garrison Avenue
315,Bartholomew,Booi,bbooi8q@gov.uk,1658,Female,1897 Lighthouse Bay Place
316,Marguerite,Cowerd,mcowerd8r@redcross.org,1189,Male,470 Hermina Court
317,Jillian,Downham,jdownham8s@stanford.edu,1681,Female,7 Lighthouse Bay Trail
318,Freda,Jankiewicz,fjankiewicz8t@dion.ne.jp,1166,Female,269 Merrick Trail
319,Nina,Sellwood,nsellwood8u@trellian.com,1567,Female,9 Hagan Street
320,Nickey,Simanek,nsimanek8v@issuu.com,1772,Male,5215 Crest Line Place
321,Rodi,Dayborne,rdayborne8w@4shared.com,1220,Female,8075 Pepper Wood Point
322,Celestine,Mee,cmee8x@shinystat.com,1982,Female,591 Hoepker Lane
323,Nancie,Kruschov,nkruschov8y@chronoengine.com,1507,Female,27 Grayhawk Court
324,Olivie,Leftwich,oleftwich8z@issuu.com,1770,Male,49279 Hollow Ridge Center
325,Gaven,Kenewel,gkenewel90@loc.gov,1005,Female,80523 Artisan Parkway
326,Bink,Lamberteschi,blamberteschi91@kickstarter.com,1257,Male,3493 Eastwood Crossing
327,Kerrin,Westnage,kwestnage92@yellowpages.com,1614,Female,9 Independence Court
328,Marje,Franiak,mfraniak93@senate.gov,1821,Female,05940 Pond Park
329,Bale,Walling,bwalling94@shareasale.com,1384,Agender,962 Maple Wood Hill
330,Burlie,Midlar,bmidlar95@unesco.org,1479,Male,58 Little Fleur Center
331,Liv,Janek,ljanek96@mac.com,1371,Male,0 Independence Way
332,Florie,Sabater,fsabater97@geocities.com,1266,Male,1 Kings Junction
333,Bjorn,Stroobant,bstroobant98@livejournal.com,1912,Female,60950 Northridge Park
334,Clementina,Harling,charling99@wix.com,1207,Female,67976 Anderson Trail
335,Ignacius,Wakenshaw,iwakenshaw9a@constantcontact.com,1249,Male,437 Stephen Way
336,Bellanca,Abbey,babbey9b@dot.gov,1352,Female,79703 Fremont Terrace
337,Stern,Cutress,scutress9c@sciencedaily.com,1816,Male,3 Hallows Road
338,Giavani,Sherrock,gsherrock9d@lycos.com,1065,Male,54757 Little Fleur Avenue
339,Myron,Bradder,mbradder9e@adobe.com,1572,Female,927 Weeping Birch Avenue
340,Natal,Leys,nleys9f@privacy.gov.au,1307,Female,126 Crest Line Road
341,Tracee,Garrand,tgarrand9g@spotify.com,1557,Male,9 Vahlen Terrace
342,Laney,Moorey,lmoorey9h@google.ru,1459,Female,9214 Washington Drive
343,Vikki,Nairy,vnairy9i@epa.gov,1596,Male,876 Almo Parkway
344,Dulcea,Borrows,dborrows9j@usgs.gov,1761,Female,621 Sage Plaza
345,Meredithe,Heynen,mheynen9k@istockphoto.com,1397,Female,4504 Lukken Avenue
346,Fabian,McAdam,fmcadam9l@biglobe.ne.jp,1491,Female,0840 Anderson Crossing
347,Kaylee,Hendriksen,khendriksen9m@usda.gov,1906,Female,8544 Haas Street
348,Bengt,Boule,bboule9n@netscape.com,1329,Male,585 La Follette Way
349,Letisha,Stritton,lstritton9o@hugedomains.com,1869,Genderqueer,92 Holy Cross Road
350,Elisabeth,Puddephatt,epuddephatt9p@wisc.edu,1757,Male,23 Alpine Hill
351,Law,Muzzi,lmuzzi9q@google.pl,1383,Female,15 Sunbrook Center
352,Roxine,Etherington,retherington9r@csmonitor.com,1927,Female,54 Sundown Place
353,Keelia,Challiner,kchalliner9s@printfriendly.com,1707,Agender,8725 Packers Way
354,Buiron,Whiskin,bwhiskin9t@archive.org,1556,Male,48719 Novick Point
355,Sullivan,Dannehl,sdannehl9u@fotki.com,1485,Male,62315 John Wall Parkway
356,Edik,Moorton,emoorton9v@yellowbook.com,1714,Female,1201 La Follette Lane
357,Waldo,Burchall,wburchall9w@epa.gov,1885,Male,03 Anzinger Place
358,Sheelah,McAvey,smcavey9x@who.int,1270,Male,09 Elmside Parkway
359,Shaine,Ferre,sferre9y@sina.com.cn,1538,Male,0063 Sachs Trail
360,Meridel,Piotr,mpiotr9z@wordpress.com,1866,Male,143 Dwight Center
361,Judye,Djurkovic,jdjurkovica0@gravatar.com,1064,Female,8817 Dakota Park
362,Yvette,Pahler,ypahlera1@webnode.com,1018,Female,888 Arkansas Lane
363,Lief,Gubbin,lgubbina2@state.tx.us,1873,Male,543 Texas Road
364,Margeaux,Littley,mlittleya3@woothemes.com,1006,Female,026 Calypso Parkway
365,Mavis,Tschierse,mtschiersea4@fotki.com,1513,Male,53 Tony Street
366,Irvine,Aizic,iaizica5@yahoo.com,1496,Female,9976 Saint Paul Parkway
367,Norah,Gawthrope,ngawthropea6@studiopress.com,1706,Male,0993 Oak Valley Center
368,Marylee,Brookwood,mbrookwooda7@noaa.gov,1037,Female,306 Butterfield Place
369,Lucias,McCann,lmccanna8@t-online.de,1312,Male,8 Dunning Junction
370,Rochester,Eilert,reilerta9@telegraph.co.uk,1520,Genderfluid,45 Schlimgen Way
371,Collette,Le Marchand,clemarchandaa@telegraph.co.uk,1411,Female,652 Autumn Leaf Point
372,Colline,Bradley,cbradleyab@icio.us,1055,Genderfluid,81 Old Gate Terrace
373,Robby,Scarr,rscarrac@blog.com,1487,Female,0677 Glacier Hill Trail
374,Thorpe,Gonnelly,tgonnellyad@ucoz.com,1521,Female,83662 Fair Oaks Road
375,Giana,Noddings,gnoddingsae@msu.edu,1940,Male,38 Sunbrook Drive
376,Ethelbert,Klousner,eklousneraf@behance.net,1398,Male,670 Burrows Place
377,Gradeigh,Saunier,gsaunierag@rambler.ru,1574,Polygender,07665 Helena Trail
378,Margeaux,Clothier,mclothierah@wisc.edu,1492,Genderfluid,00 Susan Terrace
379,Sancho,Haffner,shaffnerai@vinaora.com,1100,Female,7 Sachs Avenue
380,Peg,Cullnean,pcullneanaj@earthlink.net,1507,Female,1719 Bunting Lane
381,Tad,Pethick,tpethickak@spotify.com,1524,Female,1132 Summit Park
382,Ruttger,Gilfoy,rgilfoyal@pinterest.com,1116,Agender,97517 Nevada Crossing
383,Lorianne,McCutheon,lmccutheonam@fema.gov,1695,Male,52 Alpine Park
384,Suzann,Redfearn,sredfearnan@newsvine.com,1874,Female,7 Delladonna Parkway
385,Ced,Henzley,chenzleyao@linkedin.com,1053,Male,56 Fairfield Junction
386,Leigha,Olivetti,lolivettiap@alibaba.com,1058,Female,0416 Hazelcrest Point
387,Chandler,Drinkwater,cdrinkwateraq@spotify.com,1013,Female,8500 Delladonna Drive
388,Nelle,Lanfare,nlanfarear@meetup.com,1172,Male,3824 Roxbury Junction
389,Orv,Clee,ocleeas@pbs.org,1803,Female,9 Merchant Point
390,Christyna,Holliar,cholliarat@eepurl.com,1429,Male,023 Red Cloud Avenue
391,Eward,Simeons,esimeonsau@people.com.cn,1590,Female,5524 Randy Point
392,Vernon,McCutcheon,vmccutcheonav@wired.com,1226,Male,6 Hanover Pass
393,Gerek,Creak,gcreakaw@nyu.edu,1939,Female,5025 Fulton Place
394,Bryn,Tissiman,btissimanax@istockphoto.com,1664,Male,18807 Straubel Place
395,Bonita,Farrants,bfarrantsay@artisteer.com,1544,Female,7 Annamark Park
396,Lutero,Theodoris,ltheodorisaz@parallels.com,1241,Female,73841 Grim Trail
397,Adriane,Langeren,alangerenb0@angelfire.com,1186,Female,1 Tony Park
398,Ruthe,Girvin,rgirvinb1@com.com,1967,Male,94 Wayridge Court
399,Meryl,Brisse,mbrisseb2@census.gov,1521,Agender,83054 Delaware Plaza
400,Ketty,Archell,karchellb3@mashable.com,1958,Male,78314 Forest Lane
401,Marlo,Kinset,mkinsetb4@senate.gov,1124,Female,300 Fairfield Plaza
402,Perren,Onslow,ponslowb5@dell.com,1856,Male,1 Waubesa Trail
403,Skippy,Heninghem,sheninghemb6@list-manage.com,1070,Agender,02412 Chive Junction
404,Shandy,Cusack,scusackb7@paginegialle.it,1557,Male,91 Meadow Valley Street
405,Ibrahim,Spearett,ispearettb8@altervista.org,1232,Male,5 Rieder Plaza
406,Theresita,Dietzler,tdietzlerb9@amazon.co.uk,1668,Female,68 Darwin Plaza
407,Dorree,Daenen,ddaenenba@multiply.com,1835,Female,19050 Forest Run Park
408,Alexi,Angel,aangelbb@uiuc.edu,1847,Female,5 Colorado Crossing
409,Amalle,Peer,apeerbc@paypal.com,1098,Agender,5770 Stoughton Place
410,Eryn,Stubbeley,estubbeleybd@yelp.com,1070,Male,6 Clyde Gallagher Trail
411,Pryce,Otson,potsonbe@accuweather.com,1099,Bigender,601 Shasta Junction
412,Johny,Embery,jemberybf@ca.gov,1734,Male,182 Oxford Park
413,Janka,Durant,jdurantbg@flickr.com,1103,Female,2920 Dawn Plaza
414,Carolus,Brelsford,cbrelsfordbh@usatoday.com,1275,Female,2497 Farmco Way
415,Janot,Adamovich,jadamovichbi@smugmug.com,1066,Female,26 Tennyson Alley
416,Marcie,Rozea,mrozeabj@baidu.com,1303,Female,510 Forest Dale Plaza
417,Alysia,Ferronet,aferronetbk@apple.com,1222,Male,3 Debra Lane
418,Alf,Pernell,apernellbl@cbc.ca,1215,Female,01 Main Way
419,Lynn,Blissitt,lblissittbm@netscape.com,1960,Female,2563 Amoth Lane
420,Viki,Germon,vgermonbn@sogou.com,1231,Bigender,2723 8th Avenue
421,Robert,McKew,rmckewbo@joomla.org,1231,Female,08 Express Lane
422,Prince,Blenkinsopp,pblenkinsoppbp@xrea.com,1263,Female,14009 Spaight Alley
423,Karena,Bubbings,kbubbingsbq@ted.com,1437,Female,2 Eggendart Point
424,Charyl,Pickersgill,cpickersgillbr@google.ca,1731,Male,11 Manley Court
425,Jacquenette,Vincent,jvincentbs@huffingtonpost.com,1428,Genderqueer,971 Farmco Crossing
426,Hale,Cowgill,hcowgillbt@webnode.com,1852,Female,5 Coleman Way
427,Hermann,Brick,hbrickbu@arstechnica.com,1525,Female,29101 Buena Vista Plaza
428,Gay,Albany,galbanybv@webeden.co.uk,1204,Male,96 Cody Lane
429,Dotty,Beevis,dbeevisbw@phpbb.com,1356,Female,16 Schurz Trail
430,Teresita,Demougeot,tdemougeotbx@trellian.com,1872,Male,6 Oxford Park
431,Hatti,Follacaro,hfollacaroby@irs.gov,1696,Female,5208 Cody Trail
432,Valentia,Bortoloni,vbortolonibz@jugem.jp,1254,Male,565 Becker Place
433,Janine,Sarge,jsargec0@tamu.edu,1797,Bigender,5661 Almo Hill
434,Neal,Tremblay,ntremblayc1@vimeo.com,1453,Female,55 Cottonwood Terrace
435,Michaelina,Gatch,mgatchc2@tiny.cc,1660,Male,8716 Cottonwood Street
436,Agustin,Ingray,aingrayc3@t-online.de,1547,Female,49016 Thompson Lane
437,Humbert,Oloman,holomanc4@who.int,1188,Male,2 Petterle Park
438,Dahlia,Jickells,djickellsc5@1und1.de,1731,Female,6534 Lake View Plaza
439,Tripp,Longstaffe,tlongstaffec6@myspace.com,1295,Female,05 Bobwhite Parkway
440,Reina,Camock,rcamockc7@intel.com,1857,Female,639 Graceland Crossing
441,Heinrik,Smitton,hsmittonc8@eepurl.com,1031,Female,00 Hudson Way
442,Halli,Mepsted,hmepstedc9@icq.com,1842,Female,02539 Carberry Crossing
443,Demetrius,Ferencz,dferenczca@pcworld.com,1364,Male,7857 Kipling Parkway
444,Bartholomeus,Bosworth,bbosworthcb@businessweek.com,1405,Male,036 Bartelt Road
445,Yvon,Thurlbeck,ythurlbeckcc@latimes.com,1395,Male,768 Tennyson Hill
446,Eamon,Wesgate,ewesgatecd@disqus.com,1721,Female,249 Lillian Lane
447,Germaine,Larroway,glarrowayce@e-recht24.de,1522,Female,034 Nelson Pass
448,Sile,Edmett,sedmettcf@disqus.com,1232,Male,03232 Iowa Court
449,Donovan,Caslett,dcaslettcg@eventbrite.com,1542,Female,8943 Village Trail
450,Randene,Frawley,rfrawleych@addtoany.com,1093,Male,6906 Larry Trail
451,Sondra,Bruhke,sbruhkeci@opera.com,1666,Female,45785 Cambridge Hill
452,Jeffry,Gravenell,jgravenellcj@telegraph.co.uk,1237,Female,0530 Lien Place
453,Travis,Elson,telsonck@vk.com,1221,Female,41 Dixon Park
454,Irvin,Cona,iconacl@bbb.org,1273,Female,30375 Algoma Hill
455,Grantham,McCrystal,gmccrystalcm@cam.ac.uk,1128,Male,2948 Swallow Pass
456,Ellene,Schulke,eschulkecn@webnode.com,1554,Genderqueer,0 Lunder Plaza
457,Olly,L'Homme,olhommeco@flickr.com,1088,Female,26781 Oxford Court
458,Cloe,Cunniam,ccunniamcp@unicef.org,1943,Genderfluid,4784 Waxwing Place
459,Gayelord,Knutsen,gknutsencq@free.fr,1101,Male,1 Truax Park
460,Katya,Roughey,krougheycr@cdc.gov,1415,Female,5 Vera Center
461,Nikolos,Bunhill,nbunhillcs@yellowpages.com,1479,Male,02 Carberry Alley
462,Kennett,Dallyn,kdallynct@nytimes.com,1050,Female,81277 Macpherson Hill
463,Othella,Tomini,otominicu@theguardian.com,1241,Male,775 Helena Plaza
464,Timothea,Penreth,tpenrethcv@scribd.com,1398,Male,758 Moose Court
465,Ryun,Dunkinson,rdunkinsoncw@sciencedaily.com,1292,Female,89427 Hayes Place
466,Cherry,Perone,cperonecx@theatlantic.com,1483,Female,1048 Tennessee Street
467,Margot,Dimmack,mdimmackcy@geocities.jp,1587,Male,72 Westport Parkway
468,Ginger,Meugens,gmeugenscz@fda.gov,1771,Female,31502 Vidon Center
469,Hanny,Joskowitz,hjoskowitzd0@cyberchimps.com,1058,Male,5584 Westridge Trail
470,Lise,Bletsoe,lbletsoed1@blogs.com,1928,Female,106 Pennsylvania Place
471,Fons,Imort,fimortd2@ted.com,1862,Male,1556 Monterey Place
472,Shela,Jorden,sjordend3@netlog.com,1616,Male,066 Fuller Park
473,Rachele,Fenelon,rfenelond4@goodreads.com,1466,Agender,7 Canary Plaza
474,Putnem,Merriman,pmerrimand5@ning.com,1672,Female,73147 Forest Run Trail
475,Beatrisa,Applewhaite,bapplewhaited6@cbsnews.com,1556,Male,2610 Bayside Drive
476,Angeline,Smallridge,asmallridged7@quantcast.com,1262,Female,053 Rieder Alley
477,Archibaldo,Farra,afarrad8@godaddy.com,1629,Male,84242 Crest Line Place
478,Augustine,McNellis,amcnellisd9@exblog.jp,1593,Female,394 Oriole Park
479,Rudolph,Mum,rmumda@epa.gov,1559,Male,185 Grasskamp Avenue
480,Teodora,Galbraeth,tgalbraethdb@wired.com,1193,Male,7 Stang Hill
481,Petunia,Cluelow,pcluelowdc@ameblo.jp,1403,Non-binary,1 School Center
482,Drusi,Monteath,dmonteathdd@photobucket.com,1703,Female,28 School Lane
483,Courtney,Padefield,cpadefieldde@mozilla.com,1171,Female,69934 Butternut Drive
484,Ivan,Barnaclough,ibarnacloughdf@omniture.com,1029,Genderqueer,61115 Mifflin Circle
485,Myrlene,Crocetti,mcrocettidg@tiny.cc,1094,Male,84136 Old Shore Road
486,Hyacinth,Cruikshank,hcruikshankdh@ebay.co.uk,1820,Male,01719 Graedel Plaza
487,Kaitlyn,Aylwin,kaylwindi@vk.com,1447,Female,02484 Truax Parkway
488,Gregor,Brede,gbrededj@ow.ly,1828,Female,735 Oak Lane
489,Boy,Danilishin,bdanilishindk@amazon.com,1553,Male,07204 Cascade Avenue
490,Abigael,Ducker,aduckerdl@webmd.com,1636,Female,37865 Surrey Pass
491,Stinky,Grundle,sgrundledm@weather.com,1823,Female,827 Holmberg Plaza
492,Elga,Palffy,epalffydn@cisco.com,1540,Male,0999 Almo Parkway
493,Inglebert,Pedlingham,ipedlinghamdo@twitpic.com,1659,Male,00951 Roth Drive
494,Dore,Manterfield,dmanterfielddp@jugem.jp,1798,Female,6392 Valley Edge Alley
495,Aeriela,Paramor,aparamordq@simplemachines.org,1386,Female,454 Blackbird Pass
496,Trudy,Mazella,tmazelladr@ucla.edu,1409,Female,45 Vera Crossing
497,Clyve,Whittock,cwhittockds@umich.edu,1399,Female,77 Clyde Gallagher Trail
498,Shamus,Lownes,slownesdt@baidu.com,1096,Female,68 Hagan Street
499,Chan,Butchard,cbutcharddu@gnu.org,1473,Female,50848 Mccormick Park
500,Ariel,Torvey,atorveydv@hud.gov,1699,Male,1070 Sachs Junction
